Sample_Name,Region,lab_num,dive_ctd,sample_id,collection_method,sample_type,sample_identifier,filter,processing,primer,target_population,location_name,depth_category,depth,fluid_origin,AXIAL YEAR,lat,long,lat_long,description_1,Description_2,DATE,SITE,Sample_or_Control,YEAR,TEMP,pH,Perc,Mg,H2.,H2S,CH4,ProkConc,Sample_actual,Type
AXIAL_22_103_CTD005_IntlDistrict_CTD_plume_CTD005_PES02_SHIPBOARD_18S,New Axial,103,CTD005,IntlDistrict,CTD,Plume,CTD005,PES02,SHIPBOARD,18S,microeukaryote,International District,peak plume,1493,CTD005,AXIAL_22,45.92638333,-129.9799667,45.92638333 N -129.9799667 W,"Sample collected from the plume, peak plume, at International District, in Axial Seamount. DNA extracted and amplified with 18S primers to target microeukaryote populations.","Amplicon tag-sequencing from Axial Seamount using , 18S rRNA primers to target the microeukaryotepopulation.",7/10/2022,Axial,Sample,2022,NA,NA,NA,NA,NA,NA,NA,NA,NA,NA
AXIAL_22_105_J21434_Anemone_HFS_vent_1434HSF15_PES02_SHIPBOARD_18S,New Axial,105,J21434,Anemone,HFS,Vent,1434HSF15,PES02,SHIPBOARD,18S,microeukaryote,Anemone,diffuse,1540,1434HSF15,AXIAL_22,45.933592,-130.014068,45.933592 N -130.014068 W,"Sample collected from the vent, diffuse, at Anemone, in Axial Seamount. DNA extracted and amplified with 18S primers to target microeukaryote populations.","Amplicon tag-sequencing from Axial Seamount using , 18S rRNA primers to target the microeukaryotepopulation.",7/9/2022,Axial,Sample,2022,NA,NA,NA,NA,NA,NA,NA,NA,NA,NA
AXIAL_22_106_CTD005_IntlDistrict_CTD_plume_CTD005_PES02_SHIPBOARD_18S,New Axial,106,CTD005,IntlDistrict,CTD,Plume,CTD005,PES02,SHIPBOARD,18S,microeukaryote,International District,under plume,1505,CTD005,AXIAL_22,45.92638333,-129.9799667,45.92638333 N -129.9799667 W,"Sample collected from the plume, under plume, at International District, in Axial Seamount. DNA extracted and amplified with 18S primers to target microeukaryote populations.","Amplicon tag-sequencing from Axial Seamount using , 18S rRNA primers to target the microeukaryotepopulation.",7/10/2022,Axial,Sample,2022,NA,NA,NA,NA,NA,NA,NA,NA,NA,NA
AXIAL_22_107_CTD005_IntlDistrict_CTD_plume_CTD005_PES02_SHIPBOARD_18S,New Axial,107,CTD005,IntlDistrict,CTD,Plume,CTD005,PES02,SHIPBOARD,18S,microeukaryote,International District,plume top,1492,CTD005,AXIAL_22,45.92638333,-129.9799667,45.92638333 N -129.9799667 W,"Sample collected from the plume, plume top, at International District, in Axial Seamount. DNA extracted and amplified with 18S primers to target microeukaryote populations.","Amplicon tag-sequencing from Axial Seamount using , 18S rRNA primers to target the microeukaryotepopulation.",7/10/2022,Axial,Sample,2022,NA,NA,NA,NA,NA,NA,NA,NA,NA,NA
AXIAL_22_111_CTD003_ASHES_CTD_plume_CTD003_PES02_SHIPBOARD_18S,New Axial,111,CTD003,ASHES,CTD,Plume,CTD003,PES02,SHIPBOARD,18S,microeukaryote,ASHES,peak plume,1533,CTD003,AXIAL_22,45.925,-130.0495,45.925 N -130.0495 W,"Sample collected from the plume, peak plume, at ASHES, in Axial Seamount. DNA extracted and amplified with 18S primers to target microeukaryote populations.","Amplicon tag-sequencing from Axial Seamount using , 18S rRNA primers to target the microeukaryotepopulation.",7/21/2023,Axial,Sample,2023,NA,NA,NA,NA,NA,NA,NA,NA,NA,NA
AXIAL_22_112_CTD003_ASHES_CTD_plume_CTD003_PES02_SHIPBOARD_18S,New Axial,112,CTD003,ASHES,CTD,Plume,CTD003,PES02,SHIPBOARD,18S,microeukaryote,ASHES,peak plume,1533,CTD003,AXIAL_22,45.925,-130.0495,45.925 N -130.0495 W,"Sample collected from the plume, peak plume, at ASHES, in Axial Seamount. DNA extracted and amplified with 18S primers to target microeukaryote populations.","Amplicon tag-sequencing from Axial Seamount using , 18S rRNA primers to target the microeukaryotepopulation.",7/21/2023,Axial,Sample,2023,NA,NA,NA,NA,NA,NA,NA,NA,NA,NA
AXIAL_22_113_J21434_Anemone_HFS_vent_1434HSF6_PES02_INSITU_18S,New Axial,113,J21434,Anemone,HFS,Vent,1434HSF6,PES02,INSITU,18S,microeukaryote,Anemone,diffuse,1540,1434HSF6,AXIAL_22,45.933592,-130.014068,45.933592 N -130.014068 W,"Sample collected from the vent, diffuse, at Anemone, in Axial Seamount. DNA extracted and amplified with 18S primers to target microeukaryote populations.","Amplicon tag-sequencing from Axial Seamount using , 16S rRNA primers to target the prokaryotepopulation.",7/9/2022,Axial,Sample,2022,NA,NA,NA,NA,NA,NA,NA,NA,NA,NA
AXIAL_22_114_J21434_Anemone_HFS_vent_1434HSF7_PES02_INSITU_18S,New Axial,114,J21434,Anemone,HFS,Vent,1434HSF7,PES02,INSITU,18S,microeukaryote,Anemone,diffuse,1540,1434HSF7,AXIAL_22,45.933592,-130.014068,45.933592 N -130.014068 W,"Sample collected from the vent, diffuse, at Anemone, in Axial Seamount. DNA extracted and amplified with 18S primers to target microeukaryote populations.","Amplicon tag-sequencing from Axial Seamount using , 18S rRNA primers to target the microeukaryotepopulation.",7/9/2022,Axial,Sample,NA,NA,NA,NA,NA,NA,NA,NA,NA,NA,NA
AXIAL_23_01blank_HUBERLAB_ControlTreatment_Lab_control_REP1_postPCR_SHIPBOARD_18S,New Axial,01blank,HUBERLAB,Control,Lab,Control,REP1,postPCR,SHIPBOARD,18S,microeukaryote,Lab control,7162024,0,REP1,AXIAL_23,NA,NA,NA,"Sample collected from the control, 7162024, at Lab control, in Axial Seamount. DNA extracted and amplified with 18S primers to target microeukaryote populations.","Amplicon tag-sequencing from Axial Seamount using , 18S rRNA primers to target the microeukaryotepopulation.",NA,Axial,Control,NA,NA,NA,NA,NA,NA,NA,NA,NA,NA,NA
AXIAL_23_02blank_HUBERLAB_ControlTreatment_Lab_control_REP2_postPCR_SHIPBOARD_18S,New Axial,02blank,HUBERLAB,Control,Lab,Control,REP2,postPCR,SHIPBOARD,18S,microeukaryote,Lab control,7162024,0,REP2,AXIAL_23,NA,NA,NA,"Sample collected from the control, 7162024, at Lab control, in Axial Seamount. DNA extracted and amplified with 18S primers to target microeukaryote populations.","Amplicon tag-sequencing from Axial Seamount using , 18S rRNA primers to target the microeukaryotepopulation.",NA,Axial,Control ,NA,NA,NA,NA,NA,NA,NA,NA,NA,NA,NA
AXIAL_23_129_HUBERLAB_ControlTreatment_Lab_control__sterivex_SHIPBOARD_CTRL,New Axial,129,HUBERLAB,Control,Lab,Control,NA,sterivex,SHIPBOARD,CTRL,microeukaryote,Lab control,6202024,0,NA,AXIAL_23,NA,NA,NA,"Sample collected from the control, 6202024, at Lab control, in Axial Seamount. DNA extracted and amplified with CTRL primers to target microeukaryote populations.","Amplicon tag-sequencing from Axial Seamount using , 16S rRNA primers to target the prokaryotepopulation.",NA,Axial,Control ,2023,NA,NA,NA,NA,NA,NA,NA,NA,NA,NA
AXIAL_23_130_J21505_BagCity_SUPR_vent_B316_sterivex_SHIPBOARD_18S,New Axial,130,J21505,BagCity,SUPR,Vent,B316,sterivex,SHIPBOARD,18S,microeukaryote,Bag City,diffuse,1528,B316,AXIAL_23,45.916228,-129.989225,45.916228 N -129.989225 W,"Sample collected from the vent, diffuse, at Bag City, in Axial Seamount. DNA extracted and amplified with 18S primers to target microeukaryote populations.","Amplicon tag-sequencing from Axial Seamount using , 16S rRNA primers to target the prokaryotepopulation.",7/24/2023,Axial,Sample,2023,NA,NA,NA,NA,NA,NA,NA,NA,NA,NA
AXIAL_23_133_J21503_Diva_SUPR_vent_SUPRbottle_sterivex_SHIPBOARD_18S,New Axial,133,J21503,Diva,SUPR,Vent,SUPRbottle,sterivex,SHIPBOARD,18S,microeukaryote,Diva,diffuse,1518,SUPRbottle,AXIAL_23,45.926378,-129.979065,45.926378 N -129.979065 W,"Sample collected from the vent, diffuse, at Diva, in Axial Seamount. DNA extracted and amplified with 18S primers to target microeukaryote populations.","Amplicon tag-sequencing from Axial Seamount using , 18S rRNA primers to target the microeukaryotepopulation.",7/22/2023,Axial,Sample,2023,NA,NA,NA,NA,NA,NA,NA,NA,NA,NA
AXIAL_23_134_J21502_Mkr33_UFO_vent_shipboard_sterivex_SHIPBOARD_18S,New Axial,134,J21502,Mkr33,UFO,Vent,shipboard,sterivex,SHIPBOARD,18S,microeukaryote,Marker 33,diffuse,1512,shipboard,AXIAL_23,45.933121,-129.982332,45.933121 N -129.982332 W,"Sample collected from the vent, diffuse, at Marker 33, in Axial Seamount. DNA extracted and amplified with 18S primers to target microeukaryote populations.","Amplicon tag-sequencing from Axial Seamount using , 18S rRNA primers to target the microeukaryotepopulation.",7/21/2023,Axial,Sample,2023,NA,NA,NA,NA,NA,NA,NA,NA,NA,NA
AXIAL_23_136_J21499_Anemone_CTD_vent_N1N2N3_PES02_SHIPBOARD_18S,New Axial,136,J21499,Anemone,CTD,Vent,N1N2N3,PES02,SHIPBOARD,18S,microeukaryote,Anemone,above vent,1537,N1N2N3,AXIAL_23,45.933592,-130.014068,45.933592 N -130.014068 W,"Sample collected from the vent, above vent, at Anemone, in Axial Seamount. DNA extracted and amplified with 18S primers to target microeukaryote populations.","Amplicon tag-sequencing from Axial Seamount using , 16S rRNA primers to target the prokaryotepopulation.",7/18/2023,Axial,Sample,2023,NA,NA,NA,NA,NA,NA,NA,NA,NA,NA
AXIAL_23_137_J21505_BagCity_SUPR_vent_F712_PES02_INSITU_18S,New Axial,137,J21505,BagCity,SUPR,Vent,F712,PES02,INSITU,18S,microeukaryote,Bag City,diffuse,1527,F712,AXIAL_23,45.916228,-129.989225,45.916228 N -129.989225 W,"Sample collected from the vent, diffuse, at Bag City, in Axial Seamount. DNA extracted and amplified with 18S primers to target microeukaryote populations.","Amplicon tag-sequencing from Axial Seamount using , 18S rRNA primers to target the microeukaryotepopulation.",7/24/2023,Axial,Sample,2023,NA,NA,NA,NA,NA,NA,NA,NA,NA,NA
AXIAL_23_138_J21501_Mkr113_UFO_vent_shipboard_sterivex_SHIPBOARD_18S,New Axial,138,J21501,Mkr113,UFO,Vent,shipboard,sterivex,SHIPBOARD,18S,microeukaryote,Marker 113,diffuse,1519,shipboard,AXIAL_23,45.933592,-130.014068,45.933592 N -130.014068 W,"Sample collected from the vent, diffuse, at Marker 113, in Axial Seamount. DNA extracted and amplified with 18S primers to target microeukaryote populations.","Amplicon tag-sequencing from Axial Seamount using , 16S rRNA primers to target the prokaryotepopulation.",7/20/2023,Axial,Sample,2023,NA,NA,NA,NA,NA,NA,NA,NA,NA,NA
AXIAL_23_139_J21502_Mkr33_CTD_vent_N1N2N3_PES02_SHIPBOARD_18S,New Axial,139,J21502,Mkr33,CTD,Vent,N1N2N3,PES02,SHIPBOARD,18S,microeukaryote,Marker 33,above vent,1510,N1N2N3,AXIAL_23,45.933121,-129.982332,45.933121 N -129.982332 W,"Sample collected from the vent, above vent, at Marker 33, in Axial Seamount. DNA extracted and amplified with 18S primers to target microeukaryote populations.","Amplicon tag-sequencing from Axial Seamount using , 18S rRNA primers to target the microeukaryotepopulation.",7/21/2023,Axial,Sample,2023,NA,NA,NA,NA,NA,NA,NA,NA,NA,NA
AXIAL_23_140_J21505_Vixen_SUPR_vent_F110_PES02_INSITU_18S,New Axial,140,J21505,Vixen,SUPR,Vent,F110,PES02,INSITU,18S,microeukaryote,Vixen,diffuse,1530,F110,AXIAL_23,45.917323,-129.992961,45.917323 N -129.992961 W,"Sample collected from the vent, diffuse, at Vixen, in Axial Seamount. DNA extracted and amplified with 18S primers to target microeukaryote populations.","Amplicon tag-sequencing from Axial Seamount using , 18S rRNA primers to target the microeukaryotepopulation.",7/24/2023,Axial,Sample,2023,NA,NA,NA,NA,NA,NA,NA,NA,NA,NA
AXIAL_23_142_J21499_Anemone_CTD_vent_N1N2N3_PES02_SHIPBOARD_18S,New Axial,142,J21499,Anemone,CTD,Vent,N1N2N3,PES02,SHIPBOARD,18S,microeukaryote,Anemone,above vent,1537,N1N2N3,AXIAL_23,45.933592,-130.014068,45.933592 N -130.014068 W,"Sample collected from the vent, above vent, at Anemone, in Axial Seamount. DNA extracted and amplified with 18S primers to target microeukaryote populations.","Amplicon tag-sequencing from Axial Seamount using , 18S rRNA primers to target the microeukaryotepopulation.",7/18/2023,Axial,Sample,2023,NA,NA,NA,NA,NA,NA,NA,NA,NA,NA
AXIAL_23_143_J21503_Diva_UFO_control_ControlTreatment_sterivex_INSITU_CTRL,New Axial,143,J21503,Diva,UFO,Control,ControlTreatment,sterivex,INSITU,CTRL,microeukaryote,Diva,UFO,0,ControlTreatment,AXIAL_23,45.926378,-129.979065,45.926378 N -129.979065 W,"Sample collected from the control, UFO, at Diva, in Axial Seamount. DNA extracted and amplified with CTRL primers to target microeukaryote populations.","Amplicon tag-sequencing from Axial Seamount using , 18S rRNA primers to target the microeukaryotepopulation.",7/22/2023,Axial,Control,2023,NA,NA,NA,NA,NA,NA,NA,NA,NA,NA
AXIAL_23_144_J21506_Gollum_SUPR_vent_F1106_PES02_INSITU_18S,New Axial,144,J21506,Gollum,SUPR,Vent,F1106,PES02,INSITU,18S,microeukaryote,Gollum,diffuse,1539,F1106,AXIAL_23,45.93353198,-130.0132774,45.93353198 N -130.0132774 W,"Sample collected from the vent, diffuse, at Gollum, in Axial Seamount. DNA extracted and amplified with 18S primers to target microeukaryote populations.","Amplicon tag-sequencing from Axial Seamount using , 18S rRNA primers to target the microeukaryotepopulation.",7/25/2023,Axial,Sample,2023,NA,NA,NA,NA,NA,NA,NA,NA,NA,NA
AXIAL_23_145_J21501_Mkr113_CTD_vent_N1N2N3_PES02_SHIPBOARD_18S,New Axial,145,J21501,Mkr113,CTD,Vent,N1N2N3,PES02,SHIPBOARD,18S,microeukaryote,Marker 113,above vent,1516,N1N2N3,AXIAL_23,45.933592,-130.014068,45.933592 N -130.014068 W,"Sample collected from the vent, above vent, at Marker 113, in Axial Seamount. DNA extracted and amplified with 18S primers to target microeukaryote populations.","Amplicon tag-sequencing from Axial Seamount using , 18S rRNA primers to target the microeukaryotepopulation.",7/20/2023,Axial,Sample,2023,NA,NA,NA,NA,NA,NA,NA,NA,NA,NA
AXIAL_23_146_J21501_Mkr113_UFO_vent_F113_sterivex_INSITU_18S,New Axial,146,J21501,Mkr113,UFO,Vent,F113,sterivex,INSITU,18S,microeukaryote,Marker 113,diffuse,1519,F113,AXIAL_23,45.933592,-130.014068,45.933592 N -130.014068 W,"Sample collected from the vent, diffuse, at Marker 113, in Axial Seamount. DNA extracted and amplified with 18S primers to target microeukaryote populations.","Amplicon tag-sequencing from Axial Seamount using , 18S rRNA primers to target the microeukaryotepopulation.",7/20/2023,Axial,Sample,2023,NA,NA,NA,NA,NA,NA,NA,NA,NA,NA
AXIAL_23_147_CTD002_ASHES_CTD_plume_Niskin_PES02_SHIPBOARD_18S,New Axial,147,CTD002,ASHES,CTD,Plume,Niskin,PES02,SHIPBOARD,18S,microeukaryote,ASHES,30m above,1467,Niskin,AXIAL_23,45.933497,-130.013489,45.933497 N -130.013489 W,"Sample collected from the plume, 30m above, at ASHES, in Axial Seamount. DNA extracted and amplified with 18S primers to target microeukaryote populations.","Amplicon tag-sequencing from Axial Seamount using , 18S rRNA primers to target the microeukaryotepopulation.",7/19/2023,Axial,Sample,2023,NA,NA,NA,NA,NA,NA,NA,NA,NA,NA
AXIAL_23_148_CTD004_IntlDist_CTD_plume_Niskin_PES02_SHIPBOARD_18S,New Axial,148,CTD004,IntlDist,CTD,Plume,Niskin,PES02,SHIPBOARD,18S,microeukaryote,International District,30m above,1459,Niskin,AXIAL_23,45.92638333,-129.9799667,45.92638333 N -129.9799667 W,"Sample collected from the plume, 30m above, at International District, in Axial Seamount. DNA extracted and amplified with 18S primers to target microeukaryote populations.","Amplicon tag-sequencing from Axial Seamount using , 18S rRNA primers to target the microeukaryotepopulation.",7/22/2023,Axial,Sample,2023,NA,NA,NA,NA,NA,NA,NA,NA,NA,NA
AXIAL_23_149_J21505_BagCity_SUPR_vent_F813_PES02_INSITU_18S,New Axial,149,J21505,BagCity,SUPR,Vent,F813,PES02,INSITU,18S,microeukaryote,Bag City,diffuse,1527,F813,AXIAL_23,45.916228,-129.989225,45.916228 N -129.989225 W,"Sample collected from the vent, diffuse, at Bag City, in Axial Seamount. DNA extracted and amplified with 18S primers to target microeukaryote populations.","Amplicon tag-sequencing from Axial Seamount using , 18S rRNA primers to target the microeukaryotepopulation.",7/24/2023,Axial,Sample,2023,NA,NA,NA,NA,NA,NA,NA,NA,NA,NA
AXIAL_23_150_J21503_Diva_SUPR_vent_F1117_PES02_INSITU_18S,New Axial,150,J21503,Diva,SUPR,Vent,F1117,PES02,INSITU,18S,microeukaryote,Diva,diffuse,1518,F1117,AXIAL_23,45.926378,-129.979065,45.926378 N -129.979065 W,"Sample collected from the vent, diffuse, at Diva, in Axial Seamount. DNA extracted and amplified with 18S primers to target microeukaryote populations.","Amplicon tag-sequencing from Axial Seamount using , 18S rRNA primers to target the microeukaryotepopulation.",7/22/2023,Axial,Sample,2023,NA,NA,NA,NA,NA,NA,NA,NA,NA,NA
AXIAL_23_151_J21506_Gollum_SUPR_vent_F1207_PES02_INSITU_18S,New Axial,151,J21506,Gollum,SUPR,Vent,F1207,PES02,INSITU,18S,microeukaryote,Gollum,diffuse,1539,F1207,AXIAL_23,45.93353198,-130.0132774,45.93353198 N -130.0132774 W,"Sample collected from the vent, diffuse, at Gollum, in Axial Seamount. DNA extracted and amplified with 18S primers to target microeukaryote populations.","Amplicon tag-sequencing from Axial Seamount using , 18S rRNA primers to target the microeukaryotepopulation.",7/25/2023,Axial,Sample,2023,NA,NA,NA,NA,NA,NA,NA,NA,NA,NA
AXIAL_23_152_J21501_Mkr113_UFO_vent_F214_sterivex_INSITU_18S,New Axial,152,J21501,Mkr113,UFO,Vent,F214,sterivex,INSITU,18S,microeukaryote,Marker 113,diffuse,1519,F214,AXIAL_23,45.933592,-130.014068,45.933592 N -130.014068 W,"Sample collected from the vent, diffuse, at Marker 113, in Axial Seamount. DNA extracted and amplified with 18S primers to target microeukaryote populations.","Amplicon tag-sequencing from Axial Seamount using , 18S rRNA primers to target the microeukaryotepopulation.",7/20/2023,Axial,Sample,2023,NA,NA,NA,NA,NA,NA,NA,NA,NA,NA
AXIAL_23_153_J21501_Mkr113_CTD_vent_N1N2N3_PES02_SHIPBOARD_18S,New Axial,153,J21501,Mkr113,CTD,Vent,N1N2N3,PES02,SHIPBOARD,18S,microeukaryote,Marker 113,above vent,1516,N1N2N3,AXIAL_23,45.933592,-130.014068,45.933592 N -130.014068 W,"Sample collected from the vent, above vent, at Marker 113, in Axial Seamount. DNA extracted and amplified with 18S primers to target microeukaryote populations.","Amplicon tag-sequencing from Axial Seamount using , 18S rRNA primers to target the microeukaryotepopulation.",7/20/2023,Axial,Sample,2023,NA,NA,NA,NA,NA,NA,NA,NA,NA,NA
AXIAL_23_154_J21505_Mkr113_SUPR_vent_F1206_PES02_INSITU_18S,New Axial,154,J21505,Mkr113,SUPR,Vent,F1206,PES02,INSITU,18S,microeukaryote,Marker 113,diffuse,1519,F1206,AXIAL_23,45.933592,-130.014068,45.933592 N -130.014068 W,"Sample collected from the vent, diffuse, at Marker 113, in Axial Seamount. DNA extracted and amplified with 18S primers to target microeukaryote populations.","Amplicon tag-sequencing from Axial Seamount using , 18S rRNA primers to target the microeukaryotepopulation.",7/24/2023,Axial,Sample,2023,NA,NA,NA,NA,NA,NA,NA,NA,NA,NA
AXIAL_23_155_J21504_Mkr33_SUPR_vent_F1112_PES02_INSITU_18S,New Axial,155,J21504,Mkr33,SUPR,Vent,F1112,PES02,INSITU,18S,microeukaryote,Marker 33,diffuse,1512,F1112,AXIAL_23,45.933121,-129.982332,45.933121 N -129.982332 W,"Sample collected from the vent, diffuse, at Marker 33, in Axial Seamount. DNA extracted and amplified with 18S primers to target microeukaryote populations.","Amplicon tag-sequencing from Axial Seamount using , 18S rRNA primers to target the microeukaryotepopulation.",7/23/2023,Axial,Sample,2023,NA,NA,NA,NA,NA,NA,NA,NA,NA,NA
AXIAL_23_156_CTD002_ASHES_CTD_plume_Niskin_PES02_SHIPBOARD_18S,New Axial,156,CTD002,ASHES,CTD,Plume,Niskin,PES02,SHIPBOARD,18S,microeukaryote,ASHES,oxycline,375,Niskin,AXIAL_23,45.933497,-130.013489,45.933497 N -130.013489 W,"Sample collected from the plume, oxycline, at ASHES, in Axial Seamount. DNA extracted and amplified with 18S primers to target microeukaryote populations.","Amplicon tag-sequencing from Axial Seamount using , 18S rRNA primers to target the microeukaryotepopulation.",7/19/2023,Axial,Sample,2023,NA,NA,NA,NA,NA,NA,NA,NA,NA,NA
AXIAL_23_157_J21506_SoupyBSW_SUPR_background_F205_GFF_INSITU_18S,New Axial,157,J21506,SoupyBSW,SUPR,Background,F205,GFF,INSITU,18S,microeukaryote,Soupy background,Background,1539,F205,AXIAL_23,45.93342603,-130.0132852,45.93342603 N -130.0132852 W,"Sample collected from the background, background, at Soupy background, in Axial Seamount. DNA extracted and amplified with 18S primers to target microeukaryote populations.","Amplicon tag-sequencing from Axial Seamount using , 18S rRNA primers to target the microeukaryotepopulation.",7/25/2023,Axial,Sample,2023,NA,NA,NA,NA,NA,NA,NA,NA,NA,NA
AXIAL_23_158_CTD002_ASHES_CTD_plume_Niskin_PES02_SHIPBOARD_18S,New Axial,158,CTD002,ASHES,CTD,Plume,Niskin,PES02,SHIPBOARD,18S,microeukaryote,ASHES,under plume,1530,Niskin,AXIAL_23,45.933497,-130.013489,45.933497 N -130.013489 W,"Sample collected from the plume, under plume, at ASHES, in Axial Seamount. DNA extracted and amplified with 18S primers to target microeukaryote populations.","Amplicon tag-sequencing from Axial Seamount using , 18S rRNA primers to target the microeukaryotepopulation.",7/19/2023,Axial,Sample,2023,NA,NA,NA,NA,NA,NA,NA,NA,NA,NA
AXIAL_23_159_J21506_SoupyBSW_SUPR_background_F112_PES02_INSITU_18S,New Axial,159,J21506,SoupyBSW,SUPR,Background,F112,PES02,INSITU,18S,microeukaryote,Soupy background,Background,1535,F112,AXIAL_23,45.93324609,-130.0138241,45.93324609 N -130.0138241 W,"Sample collected from the background, background, at Soupy background, in Axial Seamount. DNA extracted and amplified with 18S primers to target microeukaryote populations.","Amplicon tag-sequencing from Axial Seamount using , 18S rRNA primers to target the microeukaryotepopulation.",7/25/2023,Axial,Sample,2023,NA,NA,NA,NA,NA,NA,NA,NA,NA,NA
AXIAL_23_160_J21504_Background_UFO_background_F716_sterivex_INSITU_18S,New Axial,160,J21504,Background,UFO,Background,F716,sterivex,INSITU,18S,microeukaryote,Background,Background,1300,F716,AXIAL_23,45.9334015,-129.981957,45.9334015 N -129.981957 W,"Sample collected from the background, background, at Background, in Axial Seamount. DNA extracted and amplified with 18S primers to target microeukaryote populations.","Amplicon tag-sequencing from Axial Seamount using , 18S rRNA primers to target the microeukaryotepopulation.",7/23/2023,Axial,Sample,2023,NA,NA,NA,NA,NA,NA,NA,NA,NA,NA
AXIAL_23_161_CTD004_IntlDist_CTD_plume_Niskin_sterivex_SHIPBOARD_18S,New Axial,161,CTD004,IntlDist,CTD,Plume,Niskin,sterivex,SHIPBOARD,18S,microeukaryote,International District,peak plume,1498,Niskin,AXIAL_23,45.92638333,-129.9799667,45.92638333 N -129.9799667 W,"Sample collected from the plume, peak plume, at International District, in Axial Seamount. DNA extracted and amplified with 18S primers to target microeukaryote populations.","Amplicon tag-sequencing from Axial Seamount using , 18S rRNA primers to target the microeukaryotepopulation.",7/22/2023,Axial,Sample,2023,NA,NA,NA,NA,NA,NA,NA,NA,NA,NA
AXIAL_23_162_J21503_Diva_SUPR_vent_F1214_PES02_INSITU_18S,New Axial,162,J21503,Diva,SUPR,Vent,F1214,PES02,INSITU,18S,microeukaryote,Diva,diffuse,1518,F1214,AXIAL_23,45.926378,-129.979065,45.926378 N -129.979065 W,"Sample collected from the vent, diffuse, at Diva, in Axial Seamount. DNA extracted and amplified with 18S primers to target microeukaryote populations.","Amplicon tag-sequencing from Axial Seamount using , 18S rRNA primers to target the microeukaryotepopulation.",7/22/2023,Axial,Sample,2023,NA,NA,NA,NA,NA,NA,NA,NA,NA,NA
AXIAL_23_163_Control_ControlTreatment_Lab_control_shipboard_PES02_SHIPBOARD_CTRL,New Axial,163,Control,ControlTreatment,Lab,Control,shipboard,PES02,SHIPBOARD,CTRL,microeukaryote,Lab control,Control,0,shipboard,AXIAL_23,NA,NA,NA,"Sample collected from the control, control, at Lab control, in Axial Seamount. DNA extracted and amplified with CTRL primers to target microeukaryote populations.","Amplicon tag-sequencing from Axial Seamount using , 18S rRNA primers to target the microeukaryotepopulation.",NA,Axial,Control,NA,NA,NA,NA,NA,NA,NA,NA,NA,NA,NA
AXIAL_23_164_J21502_Mkr33_UFO_vent_F8_sterivex_INSITU_18S,New Axial,164,J21502,Mkr33,UFO,Vent,F8,sterivex,INSITU,18S,microeukaryote,Marker 33,diffuse,1510,F8,AXIAL_23,45.933121,-129.982332,45.933121 N -129.982332 W,"Sample collected from the vent, diffuse, at Marker 33, in Axial Seamount. DNA extracted and amplified with 18S primers to target microeukaryote populations.","Amplicon tag-sequencing from Axial Seamount using , 18S rRNA primers to target the microeukaryotepopulation.",7/21/2023,Axial,Sample,2023,NA,NA,NA,NA,NA,NA,NA,NA,NA,NA
AXIAL_23_165_CTD002_ASHES_CTD_plume_Niskin_PES02_SHIPBOARD_18S,New Axial,165,CTD002,ASHES,CTD,Plume,Niskin,PES02,SHIPBOARD,18S,microeukaryote,ASHES,30m above,1467,Niskin,AXIAL_23,45.933497,-130.013489,45.933497 N -130.013489 W,"Sample collected from the plume, 30m above, at ASHES, in Axial Seamount. DNA extracted and amplified with 18S primers to target microeukaryote populations.","Amplicon tag-sequencing from Axial Seamount using , 18S rRNA primers to target the microeukaryotepopulation.",7/19/2023,Axial,Sample,2023,NA,NA,NA,NA,NA,NA,NA,NA,NA,NA
AXIAL_23_166_CTD004_IntlDist_CTD_plume_Niskin_PES02_SHIPBOARD_18S,New Axial,166,CTD004,IntlDist,CTD,Plume,Niskin,PES02,SHIPBOARD,18S,microeukaryote,International District,30m above,1459,Niskin,AXIAL_23,45.92638333,-129.9799667,45.92638333 N -129.9799667 W,"Sample collected from the plume, 30m above, at International District, in Axial Seamount. DNA extracted and amplified with 18S primers to target microeukaryote populations.","Amplicon tag-sequencing from Axial Seamount using , 16S rRNA primers to target the prokaryotepopulation.",7/22/2023,Axial,Sample,2023,NA,NA,NA,NA,NA,NA,NA,NA,NA,NA
AXIAL_23_167_J21500_Anemone_UFO_vent_F101_sterivex_INSITU_18S,New Axial,167,J21500,Anemone,UFO,Vent,F101,sterivex,INSITU,18S,microeukaryote,Anemone,diffuse,1539,F101,AXIAL_23,45.933592,-130.014068,45.933592 N -130.014068 W,"Sample collected from the vent, diffuse, at Anemone, in Axial Seamount. DNA extracted and amplified with 18S primers to target microeukaryote populations.","Amplicon tag-sequencing from Axial Seamount using , 18S rRNA primers to target the microeukaryotepopulation.",7/19/2023,Axial,Sample,2023,NA,NA,NA,NA,NA,NA,NA,NA,NA,NA
AXIAL_23_168_J21500_Anemone_UFO_vent_F203_sterivex_INSITU_18S,New Axial,168,J21500,Anemone,UFO,Vent,F203,sterivex,INSITU,18S,microeukaryote,Anemone,diffuse,1539,F203,AXIAL_23,45.933592,-130.014068,45.933592 N -130.014068 W,"Sample collected from the vent, diffuse, at Anemone, in Axial Seamount. DNA extracted and amplified with 18S primers to target microeukaryote populations.","Amplicon tag-sequencing from Axial Seamount using , 18S rRNA primers to target the microeukaryotepopulation.",7/19/2023,Axial,Sample,2023,NA,NA,NA,NA,NA,NA,NA,NA,NA,NA
AXIAL_23_169_J21500_Anemone_UFO_vent_BgreenBblueByellow_sterivex_SHIPBOARD_18S,New Axial,169,J21500,Anemone,UFO,Vent,BgreenBblueByellow,sterivex,SHIPBOARD,18S,microeukaryote,Anemone,diffuse,1538,BgreenBblueByellow,AXIAL_23,45.933592,-130.014068,45.933592 N -130.014068 W,"Sample collected from the vent, diffuse, at Anemone, in Axial Seamount. DNA extracted and amplified with 18S primers to target microeukaryote populations.","Amplicon tag-sequencing from Axial Seamount using , 16S rRNA primers to target the prokaryotepopulation.",7/19/2023,Axial,Sample,2023,NA,NA,NA,NA,NA,NA,NA,NA,NA,NA
AXIAL_23_170_J21500_Anemone_UFO_vent_Bbrownbred_sterivex_SHIPBOARD_18S,New Axial,170,J21500,Anemone,UFO,Vent,Bbrownbred,sterivex,SHIPBOARD,18S,microeukaryote,Anemone,diffuse,1539,Bbrownbred,AXIAL_23,45.933592,-130.014068,45.933592 N -130.014068 W,"Sample collected from the vent, diffuse, at Anemone, in Axial Seamount. DNA extracted and amplified with 18S primers to target microeukaryote populations.","Amplicon tag-sequencing from Axial Seamount using , 18S rRNA primers to target the microeukaryotepopulation.",7/19/2023,Axial,Sample,2023,NA,NA,NA,NA,NA,NA,NA,NA,NA,NA
AXIAL_23_171_J21505_BagCity_SUPR_vent_F914_GFF_INSITU_18S,New Axial,171,J21505,BagCity,SUPR,Vent,F914,GFF,INSITU,18S,microeukaryote,Bag City,diffuse,1527,F914,AXIAL_23,45.916228,-129.989225,45.916228 N -129.989225 W,"Sample collected from the vent, diffuse, at Bag City, in Axial Seamount. DNA extracted and amplified with 18S primers to target microeukaryote populations.","Amplicon tag-sequencing from Axial Seamount using , 18S rRNA primers to target the microeukaryotepopulation.",7/24/2023,Axial,Sample,2023,NA,NA,NA,NA,NA,NA,NA,NA,NA,NA
AXIAL_23_172_J21505_BagCity_SUPR_vent_F1015_GFF_INSITU_18S,New Axial,172,J21505,BagCity,SUPR,Vent,F1015,GFF,INSITU,18S,microeukaryote,Bag City,diffuse,1527,F1015,AXIAL_23,45.916228,-129.989225,45.916228 N -129.989225 W,"Sample collected from the vent, diffuse, at Bag City, in Axial Seamount. DNA extracted and amplified with 18S primers to target microeukaryote populations.","Amplicon tag-sequencing from Axial Seamount using , 16S rRNA primers to target the prokaryotepopulation.",7/24/2023,Axial,Sample,2023,NA,NA,NA,NA,NA,NA,NA,NA,NA,NA
AXIAL_23_173_CTD004_IntlDist_CTD_plume_Niskin_PES02_SHIPBOARD_18S,New Axial,173,CTD004,IntlDist,CTD,Plume,Niskin,PES02,SHIPBOARD,18S,microeukaryote,International District,under plume,1508,Niskin,AXIAL_23,45.92638333,-129.9799667,45.92638333 N -129.9799667 W,"Sample collected from the plume, under plume, at International District, in Axial Seamount. DNA extracted and amplified with 18S primers to target microeukaryote populations.","Amplicon tag-sequencing from Axial Seamount using , 18S rRNA primers to target the microeukaryotepopulation.",7/22/2023,Axial,Sample,2023,NA,NA,NA,NA,NA,NA,NA,NA,NA,NA
AXIAL_23_175_J21506_Gollum_SUPR_vent_F1308_GFF_INSITU_18S,New Axial,175,J21506,Gollum,SUPR,Vent,F1308,GFF,INSITU,18S,microeukaryote,Gollum,diffuse,1539,F1308,AXIAL_23,45.93353198,-130.0132774,45.93353198 N -130.0132774 W,"Sample collected from the vent, diffuse, at Gollum, in Axial Seamount. DNA extracted and amplified with 18S primers to target microeukaryote populations.","Amplicon tag-sequencing from Axial Seamount using , 18S rRNA primers to target the microeukaryotepopulation.",7/25/2023,Axial,Sample,2023,NA,NA,NA,NA,NA,NA,NA,NA,NA,NA
AXIAL_23_176_J21506_Gollum_SUPR_vent_F1409_GFF_INSITU_18S,New Axial,176,J21506,Gollum,SUPR,Vent,F1409,GFF,INSITU,18S,microeukaryote,Gollum,diffuse,1539,F1409,AXIAL_23,45.93353198,-130.0132774,45.93353198 N -130.0132774 W,"Sample collected from the vent, diffuse, at Gollum, in Axial Seamount. DNA extracted and amplified with 18S primers to target microeukaryote populations.","Amplicon tag-sequencing from Axial Seamount using , 18S rRNA primers to target the microeukaryotepopulation.",7/25/2023,Axial,Sample,2023,NA,NA,NA,NA,NA,NA,NA,NA,NA,NA
AXIAL_23_177_J21503_Diva_SUPR_vent_F1416_GFF_INSITU_18S,New Axial,177,J21503,Diva,SUPR,Vent,F1416,GFF,INSITU,18S,microeukaryote,Diva,diffuse,1518,F1416,AXIAL_23,45.926378,-129.979065,45.926378 N -129.979065 W,"Sample collected from the vent, diffuse, at Diva, in Axial Seamount. DNA extracted and amplified with 18S primers to target microeukaryote populations.","Amplicon tag-sequencing from Axial Seamount using , 18S rRNA primers to target the microeukaryotepopulation.",7/22/2023,Axial,Sample,2023,NA,NA,NA,NA,NA,NA,NA,NA,NA,NA
AXIAL_23_178_J21503_Diva_UFO_vent_UFO_sterivex_INSITU_18S,New Axial,178,J21503,Diva,UFO,Vent,UFO,sterivex,INSITU,18S,microeukaryote,Diva,diffuse,1518,UFO,AXIAL_23,45.926378,-129.979065,45.926378 N -129.979065 W,"Sample collected from the vent, diffuse, at Diva, in Axial Seamount. DNA extracted and amplified with 18S primers to target microeukaryote populations.","Amplicon tag-sequencing from Axial Seamount using , 18S rRNA primers to target the microeukaryotepopulation.",7/22/2023,Axial,Sample,2023,NA,NA,NA,NA,NA,NA,NA,NA,NA,NA
AXIAL_23_179_J21505_BSW_UFO_background_F_sterivex_INSITU_18S,New Axial,179,J21505,BSW,UFO,Background,F,sterivex,INSITU,18S,microeukaryote,Background,Background,1400,F,AXIAL_23,45.9334015,-129.981957,45.9334015 N -129.981957 W,"Sample collected from the background, background, at Background, in Axial Seamount. DNA extracted and amplified with 18S primers to target microeukaryote populations.","Amplicon tag-sequencing from Axial Seamount using , 18S rRNA primers to target the microeukaryotepopulation.",7/24/2023,Axial,Sample,2023,NA,NA,NA,NA,NA,NA,NA,NA,NA,NA
AXIAL_23_180_J21504_Mkr33_SUPR_vent_F1214_PES02_INSITU_18S,New Axial,180,J21504,Mkr33,SUPR,Vent,F1214,PES02,INSITU,18S,microeukaryote,Marker 33,diffuse,1512,F1214,AXIAL_23,45.933121,-129.982332,45.933121 N -129.982332 W,"Sample collected from the vent, diffuse, at Marker 33, in Axial Seamount. DNA extracted and amplified with 18S primers to target microeukaryote populations.","Amplicon tag-sequencing from Axial Seamount using , 18S rRNA primers to target the microeukaryotepopulation.",7/23/2023,Axial,Sample,2023,NA,NA,NA,NA,NA,NA,NA,NA,NA,NA
AXIAL_23_181_J21504_Mkr33_SUPR_vent_F1313_GFF_INSITU_18S,New Axial,181,J21504,Mkr33,SUPR,Vent,F1313,GFF,INSITU,18S,microeukaryote,Marker 33,diffuse,1512,F1313,AXIAL_23,45.933121,-129.982332,45.933121 N -129.982332 W,"Sample collected from the vent, diffuse, at Marker 33, in Axial Seamount. DNA extracted and amplified with 18S primers to target microeukaryote populations.","Amplicon tag-sequencing from Axial Seamount using , 18S rRNA primers to target the microeukaryotepopulation.",7/23/2023,Axial,Sample,2023,NA,NA,NA,NA,NA,NA,NA,NA,NA,NA
AXIAL_23_182_J21504_Mkr33_SUPR_vent_F1411_GFF_INSITU_18S,New Axial,182,J21504,Mkr33,SUPR,Vent,F1411,GFF,INSITU,18S,microeukaryote,Marker 33,diffuse,1512,F1411,AXIAL_23,45.933121,-129.982332,45.933121 N -129.982332 W,"Sample collected from the vent, diffuse, at Marker 33, in Axial Seamount. DNA extracted and amplified with 18S primers to target microeukaryote populations.","Amplicon tag-sequencing from Axial Seamount using , 18S rRNA primers to target the microeukaryotepopulation.",7/23/2023,Axial,Sample,2023,NA,NA,NA,NA,NA,NA,NA,NA,NA,NA
AXIAL_23_183_J21505_Mkr113_SUPR_vent_F1307_GFF_INSITU_18S,New Axial,183,J21505,Mkr113,SUPR,Vent,F1307,GFF,INSITU,18S,microeukaryote,Marker 113,diffuse,1519,F1307,AXIAL_23,45.933592,-130.014068,45.933592 N -130.014068 W,"Sample collected from the vent, diffuse, at Marker 113, in Axial Seamount. DNA extracted and amplified with 18S primers to target microeukaryote populations.","Amplicon tag-sequencing from Axial Seamount using , 18S rRNA primers to target the microeukaryotepopulation.",7/24/2023,Axial,Sample,2023,NA,NA,NA,NA,NA,NA,NA,NA,NA,NA
AXIAL_23_184_J21505_Mkr113_SUPR_vent_F1407_GFF_INSITU_18S,New Axial,184,J21505,Mkr113,SUPR,Vent,F1407,GFF,INSITU,18S,microeukaryote,Marker 113,diffuse,1519,F1407,AXIAL_23,45.933592,-130.014068,45.933592 N -130.014068 W,"Sample collected from the vent, diffuse, at Marker 113, in Axial Seamount. DNA extracted and amplified with 18S primers to target microeukaryote populations.","Amplicon tag-sequencing from Axial Seamount using , 18S rRNA primers to target the microeukaryotepopulation.",7/24/2023,Axial,Sample,2023,NA,NA,NA,NA,NA,NA,NA,NA,NA,NA
AXIAL_23_185_J21505_Mkr113_SUPR_vent_F1105_PES02_INSITU_18S,New Axial,185,J21505,Mkr113,SUPR,Vent,F1105,PES02,INSITU,18S,microeukaryote,Marker 113,diffuse,1519,F1105,AXIAL_23,45.933592,-130.014068,45.933592 N -130.014068 W,"Sample collected from the vent, diffuse, at Marker 113, in Axial Seamount. DNA extracted and amplified with 18S primers to target microeukaryote populations.","Amplicon tag-sequencing from Axial Seamount using , 18S rRNA primers to target the microeukaryotepopulation.",7/24/2023,Axial,Sample,2023,NA,NA,NA,NA,NA,NA,NA,NA,NA,NA
AXIAL_23_186_J21505_Vixen_SUPR_vent_F211_GFF_INSITU_18S,New Axial,186,J21505,Vixen,SUPR,Vent,F211,GFF,INSITU,18S,microeukaryote,Vixen,diffuse,1530,F211,AXIAL_23,45.917323,-129.992961,45.917323 N -129.992961 W,"Sample collected from the vent, diffuse, at Vixen, in Axial Seamount. DNA extracted and amplified with 18S primers to target microeukaryote populations.","Amplicon tag-sequencing from Axial Seamount using , 18S rRNA primers to target the microeukaryotepopulation.",7/24/2023,Axial,Sample,2023,NA,NA,NA,NA,NA,NA,NA,NA,NA,NA
AXIAL_23_187_J21502_Mkr33_CTD_vent_N1N2N3_PES02_SHIPBOARD_18S,New Axial,187,J21502,Mkr33,CTD,Vent,N1N2N3,PES02,SHIPBOARD,18S,microeukaryote,Marker 33,above vent,1510,N1N2N3,AXIAL_23,45.933121,-129.982332,45.933121 N -129.982332 W,"Sample collected from the vent, above vent, at Marker 33, in Axial Seamount. DNA extracted and amplified with 18S primers to target microeukaryote populations.","Amplicon tag-sequencing from Axial Seamount using , 16S rRNA primers to target the prokaryotepopulation.",7/21/2023,Axial,Sample,2023,NA,NA,NA,NA,NA,NA,NA,NA,NA,NA
AXIAL_23_188_J21502_Mkr33_CTD_vent_N1N2N3_PES02_SHIPBOARD_18S,New Axial,188,J21502,Mkr33,CTD,Vent,N1N2N3,PES02,SHIPBOARD,18S,microeukaryote,Marker 33,above vent,1510,N1N2N3,AXIAL_23,45.933121,-129.982332,45.933121 N -129.982332 W,"Sample collected from the vent, above vent, at Marker 33, in Axial Seamount. DNA extracted and amplified with 18S primers to target microeukaryote populations.","Amplicon tag-sequencing from Axial Seamount using , 18S rRNA primers to target the microeukaryotepopulation.",7/21/2023,Axial,Sample,2023,NA,NA,NA,NA,NA,NA,NA,NA,NA,NA
AXIAL_23_189_CTD002_ASHES_CTD_plume_Niskin_PES02_SHIPBOARD_18S,New Axial,189,CTD002,ASHES,CTD,Plume,Niskin,PES02,SHIPBOARD,18S,microeukaryote,ASHES,euphotic,200,Niskin,AXIAL_23,45.933497,-130.013489,45.933497 N -130.013489 W,"Sample collected from the plume, euphotic, at ASHES, in Axial Seamount. DNA extracted and amplified with 18S primers to target microeukaryote populations.","Amplicon tag-sequencing from Axial Seamount using , 18S rRNA primers to target the microeukaryotepopulation.",7/19/2023,Axial,Sample,2023,NA,NA,NA,NA,NA,NA,NA,NA,NA,NA
AXIAL_23_190_CTD002_ASHES_CTD_plume_Niskin_PES02_SHIPBOARD_18S,New Axial,190,CTD002,ASHES,CTD,Plume,Niskin,PES02,SHIPBOARD,18S,microeukaryote,ASHES,euphotic,200,Niskin,AXIAL_23,45.933497,-130.013489,45.933497 N -130.013489 W,"Sample collected from the plume, euphotic, at ASHES, in Axial Seamount. DNA extracted and amplified with 18S primers to target microeukaryote populations.","Amplicon tag-sequencing from Axial Seamount using , 18S rRNA primers to target the microeukaryotepopulation.",7/19/2023,Axial,Sample,2023,NA,NA,NA,NA,NA,NA,NA,NA,NA,NA
AXIAL_23_191_CTD002_ASHES_CTD_plume_Niskin_PES02_SHIPBOARD_18S,New Axial,191,CTD002,ASHES,CTD,Plume,Niskin,PES02,SHIPBOARD,18S,microeukaryote,ASHES,oxycline,375,Niskin,AXIAL_23,45.933497,-130.013489,45.933497 N -130.013489 W,"Sample collected from the plume, oxycline, at ASHES, in Axial Seamount. DNA extracted and amplified with 18S primers to target microeukaryote populations.","Amplicon tag-sequencing from Axial Seamount using , 18S rRNA primers to target the microeukaryotepopulation.",7/19/2023,Axial,Sample,2023,NA,NA,NA,NA,NA,NA,NA,NA,NA,NA
AXIAL_23_192_CTD002_ASHES_CTD_plume_Niskin_PES02_SHIPBOARD_18S,New Axial,192,CTD002,ASHES,CTD,Plume,Niskin,PES02,SHIPBOARD,18S,microeukaryote,ASHES,peak plume,1512,Niskin,AXIAL_23,45.933497,-130.013489,45.933497 N -130.013489 W,"Sample collected from the plume, peak plume, at ASHES, in Axial Seamount. DNA extracted and amplified with 18S primers to target microeukaryote populations.","Amplicon tag-sequencing from Axial Seamount using , 18S rRNA primers to target the microeukaryotepopulation.",7/19/2023,Axial,Sample,2023,NA,NA,NA,NA,NA,NA,NA,NA,NA,NA
AXIAL_23_193_CTD002_ASHES_CTD_plume_Niskin_PES02_SHIPBOARD_18S,New Axial,193,CTD002,ASHES,CTD,Plume,Niskin,PES02,SHIPBOARD,18S,microeukaryote,ASHES,peak plume,1512,Niskin,AXIAL_23,45.933497,-130.013489,45.933497 N -130.013489 W,"Sample collected from the plume, peak plume, at ASHES, in Axial Seamount. DNA extracted and amplified with 18S primers to target microeukaryote populations.","Amplicon tag-sequencing from Axial Seamount using , 18S rRNA primers to target the microeukaryotepopulation.",7/19/2023,Axial,Sample,2023,NA,NA,NA,NA,NA,NA,NA,NA,NA,NA
AXIAL_23_194_CTD002_ASHES_CTD_plume_Niskin_PES02_SHIPBOARD_18S,New Axial,194,CTD002,ASHES,CTD,Plume,Niskin,PES02,SHIPBOARD,18S,microeukaryote,ASHES,plume top,1497,Niskin,AXIAL_23,45.933497,-130.013489,45.933497 N -130.013489 W,"Sample collected from the plume, plume top, at ASHES, in Axial Seamount. DNA extracted and amplified with 18S primers to target microeukaryote populations.","Amplicon tag-sequencing from Axial Seamount using , 18S rRNA primers to target the microeukaryotepopulation.",7/19/2023,Axial,Sample,2023,NA,NA,NA,NA,NA,NA,NA,NA,NA,NA
AXIAL_23_195_CTD002_ASHES_CTD_plume_Niskin_PES02_SHIPBOARD_18S,New Axial,195,CTD002,ASHES,CTD,Plume,Niskin,PES02,SHIPBOARD,18S,microeukaryote,ASHES,plume top,1497,Niskin,AXIAL_23,45.933497,-130.013489,45.933497 N -130.013489 W,"Sample collected from the plume, plume top, at ASHES, in Axial Seamount. DNA extracted and amplified with 18S primers to target microeukaryote populations.","Amplicon tag-sequencing from Axial Seamount using , 18S rRNA primers to target the microeukaryotepopulation.",7/19/2023,Axial,Sample,2023,NA,NA,NA,NA,NA,NA,NA,NA,NA,NA
AXIAL_23_196_CTD002_ASHES_CTD_plume_Niskin_PES02_SHIPBOARD_18S,New Axial,196,CTD002,ASHES,CTD,Plume,Niskin,PES02,SHIPBOARD,18S,microeukaryote,ASHES,under plume,1530,Niskin,AXIAL_23,45.933497,-130.013489,45.933497 N -130.013489 W,"Sample collected from the plume, under plume, at ASHES, in Axial Seamount. DNA extracted and amplified with 18S primers to target microeukaryote populations.","Amplicon tag-sequencing from Axial Seamount using , 18S rRNA primers to target the microeukaryotepopulation.",7/19/2023,Axial,Sample,2023,NA,NA,NA,NA,NA,NA,NA,NA,NA,NA
AXIAL_23_197_CTD003_Background_CTD_background_REP1_PES02_SHIPBOARD_18S,New Axial,197,CTD003,Background,CTD,Background,REP1,PES02,SHIPBOARD,18S,microeukaryote,Background,Background,1200,REP1,AXIAL_23,45.925,-130.0495,45.925 N -130.0495 W,"Sample collected from the background, background, at Background, in Axial Seamount. DNA extracted and amplified with 18S primers to target microeukaryote populations.","Amplicon tag-sequencing from Axial Seamount using , 18S rRNA primers to target the microeukaryotepopulation.",7/21/2023,Axial,Sample,2023,NA,NA,NA,NA,NA,NA,NA,NA,NA,NA
AXIAL_23_198_CTD003_Background_CTD_background_REP2_PES02_SHIPBOARD_18S,New Axial,198,CTD003,Background,CTD,Background,REP2,PES02,SHIPBOARD,18S,microeukaryote,Background,Background,1200,REP2,AXIAL_23,45.925,-130.0495,45.925 N -130.0495 W,"Sample collected from the background, background, at Background, in Axial Seamount. DNA extracted and amplified with 18S primers to target microeukaryote populations.","Amplicon tag-sequencing from Axial Seamount using , 16S rRNA primers to target the prokaryotepopulation.",7/21/2023,Axial,Sample,2023,NA,NA,NA,NA,NA,NA,NA,NA,NA,NA
AXIAL_23_199_CTD003_Background_CTD_background_REP3_PES02_SHIPBOARD_18S,New Axial,199,CTD003,Background,CTD,Background,REP3,PES02,SHIPBOARD,18S,microeukaryote,Background,Background,1200,REP3,AXIAL_23,45.925,-130.0495,45.925 N -130.0495 W,"Sample collected from the background, background, at Background, in Axial Seamount. DNA extracted and amplified with 18S primers to target microeukaryote populations.","Amplicon tag-sequencing from Axial Seamount using , 18S rRNA primers to target the microeukaryotepopulation.",7/21/2023,Axial,Sample,2023,NA,NA,NA,NA,NA,NA,NA,NA,NA,NA
AXIAL_23_200_CTD004_IntlDist_CTD_plume_Niskin_PES02_SHIPBOARD_18S,New Axial,200,CTD004,IntlDist,CTD,Plume,Niskin,PES02,SHIPBOARD,18S,microeukaryote,International District,peak plume,1498,Niskin,AXIAL_23,45.92638333,-129.9799667,45.92638333 N -129.9799667 W,"Sample collected from the plume, peak plume, at International District, in Axial Seamount. DNA extracted and amplified with 18S primers to target microeukaryote populations.","Amplicon tag-sequencing from Axial Seamount using , 18S rRNA primers to target the microeukaryotepopulation.",7/22/2023,Axial,Sample,2023,NA,NA,NA,NA,NA,NA,NA,NA,NA,NA
AXIAL_23_201_CTD004_IntlDist_CTD_plume_Niskin_PES02_SHIPBOARD_18S,New Axial,201,CTD004,IntlDist,CTD,Plume,Niskin,PES02,SHIPBOARD,18S,microeukaryote,International District,plume top,1489,Niskin,AXIAL_23,45.92638333,-129.9799667,45.92638333 N -129.9799667 W,"Sample collected from the plume, plume top, at International District, in Axial Seamount. DNA extracted and amplified with 18S primers to target microeukaryote populations.","Amplicon tag-sequencing from Axial Seamount using , 18S rRNA primers to target the microeukaryotepopulation.",7/22/2023,Axial,Sample,2023,NA,NA,NA,NA,NA,NA,NA,NA,NA,NA
AXIAL_23_202_CTD004_IntlDist_CTD_plume_Niskin_PES02_SHIPBOARD_18S,New Axial,202,CTD004,IntlDist,CTD,Plume,Niskin,PES02,SHIPBOARD,18S,microeukaryote,International District,plume top,1489,Niskin,AXIAL_23,45.92638333,-129.9799667,45.92638333 N -129.9799667 W,"Sample collected from the plume, plume top, at International District, in Axial Seamount. DNA extracted and amplified with 18S primers to target microeukaryote populations.","Amplicon tag-sequencing from Axial Seamount using , 16S rRNA primers to target the prokaryotepopulation.",7/22/2023,Axial,Sample,2023,NA,NA,NA,NA,NA,NA,NA,NA,NA,NA
Axial_BSW1500m_BSW1500m_2015,Old Axial,NA,NA,BSW1500m,NA,Background,NA,NA,NA,18S,NA,Deep seawater,NA,1520,NA,NA,NA,NA,46.27389 N 129.79548 W,NA,NA,NA,Axial,Sample,2015,2,7.8,100,53.6,0.002,0,0.0020472,2.50E+04,NA,NA
Axial_AnemonePlume_AnemonePlume_2015,Old Axial,NA,NA,AnemonePlume,NA,Plume,NA,NA,NA,18S,NA,Anemone Plume,NA,1500,NA,NA,NA,NA,45.9335667 N 130.013667 W,NA,NA,NA,Axial,Sample,2015,NA,NA,100,NA,NA,NA,NA,NA,NA,NA
Axial_Anemone_FS891_2013,Old Axial,NA,NA,FS891,NA,Vent,NA,NA,NA,18S,NA,Anemone,NA,1542,NA,NA,NA,NA,45.9332 N 130.0137 W,NA,NA,NA,Axial,Sample,2013,28.2,5.5,88.9,47.6,13.9,1.0604496,15.14928,4.10E+05,NA,NA
Axial_Boca_FS905_2013,Old Axial,NA,NA,FS905,NA,Vent,NA,NA,NA,18S,NA,Boca,NA,1516.9,NA,NA,NA,NA,45.927692 N 129.982482 W,NA,NA,NA,Axial,Sample,2013,6.8,6.88,98.2,53,2.76372,0.007664609,1.63776,8.50E+05,NA,NA
Axial_Dependable_FS900_2013,Old Axial,NA,NA,FS900,NA,Vent,NA,NA,NA,18S,NA,Dependable,NA,1912.8,NA,NA,NA,NA,45.87992 N 129.80294 W,NA,NA,NA,Axial,Sample,2013,50,6.19,89.8,48.4,0.299029516,0.015756438,21.2791063,1.70E+05,NA,NA
Axial_ElGuapo_FS896_2013,Old Axial,NA,NA,FS896,NA,Vent,NA,NA,NA,18S,NA,El Guapo,NA,1502,NA,NA,NA,NA,45.926575 N 129.979479 W,NA,NA,NA,Axial,Sample,2013,25.7,5.42,92.3,49.8,0.299253443,0.218077087,2.874380735,1.68E+05,NA,NA
Axial_Marker113_FS903_2013,Old Axial,NA,NA,FS903,NA,Vent,NA,NA,NA,18S,NA,Marker 113,NA,1520.3,NA,NA,NA,NA,45.9227 N 129.9882 W,NA,NA,NA,Axial,Sample,2013,24.8,6.17,96,51.5,1.4,0.7462044,17.29884,4.60E+05,NA,NA
Axial_Marker113_FS906_2014,Old Axial,NA,NA,FS906,NA,Vent,NA,NA,NA,18S,NA,Marker 113,NA,1518,NA,NA,NA,NA,45.9227 N 129.9882 W,NA,NA,NA,Axial,Sample,2014,24.3,5.8,96.4,50,1,0.5691216,38.8968,6.80E+05,NA,NA
Axial_Marker113_FS915_2015,Old Axial,NA,NA,FS915,NA,Vent,NA,NA,NA,18S,NA,Marker 113,NA,1520,NA,NA,NA,NA,45.9227 N 129.9882 W,NA,NA,NA,Axial,Sample,2015,25.4,6.6,95.8,51.4,0.3,0.59184552,22.82628,1.50E+06,NA,NA
Axial_Marker33_FS904_2013,Old Axial,NA,NA,FS904,NA,Vent,NA,NA,NA,18S,NA,Marker 33,NA,1516,NA,NA,NA,NA,45.9332 N 129.9822 W,NA,NA,NA,Axial,Sample,2013,27.3,5.5,87.1,47,1.5,0.557862,19.4484,4.20E+05,NA,NA
Axial_Marker33_FS908_2014,Old Axial,NA,NA,FS908,NA,Vent,NA,NA,NA,18S,NA,Marker 33,NA,1514,NA,NA,NA,NA,45.9332 N 129.9822 W,NA,NA,NA,Axial,Sample,2014,18.5,5.6,91.3,49.2,1.5,0.2676714,6.55104,3.90E+05,NA,NA
Axial_N3Area_FS898_2013,Old Axial,NA,NA,FS898,NA,Vent,NA,NA,NA,18S,NA,N3Area,NA,1523,NA,NA,NA,NA,45.943716 N 129.985163 W,NA,NA,NA,Axial,Sample,2013,18.9,4.96,98.3,53,0.053401914,0.512918204,65.52147903,2.57E+05,NA,NA
Axial_Skadi_FS902_2013,Old Axial,NA,NA,FS902,NA,Vent,NA,NA,NA,18S,NA,Skadi,NA,1561.6,NA,NA,NA,NA,45.923383 N 129.982853 W,NA,NA,NA,Axial,Sample,2013,35.6,6.23,90.4,48.7,1.0236,0.086783554,4.488486,5.65E+05,NA,NA
Axial_Skadi_FS910_2014,Old Axial,NA,NA,FS910,NA,Vent,NA,NA,NA,18S,NA,Escargot,NA,1517,NA,NA,NA,NA,"45.9264 N, 129.9791 W",NA,NA,NA,Axial,Sample,2014,6.6,5.84,97.4,52.6,0.046971335,0.035242393,2.119196826,NA,NA,NA
51_AGAGAA_S13,NA,NA,NA,NA,NA,Control,NA,NA,NA,CTRL,NA,labblank,NA,NA,NA,NA,NA,NA,NA,NA,NA,NA,Control,Control,2020,NA,NA,NA,0,NA,NA,NA,NA,51_CTRL_control_blank_labblank_0_0_Jun2021,blank
75_CACCCT_S15,NA,NA,NA,NA,NA,Control,NA,NA,NA,CTRL,NA,shipboard,NA,NA,NA,NA,NA,NA,NA,NA,NA,NA,Control,Control,2020,NA,NA,NA,0,NA,NA,NA,NA,75_CTRL_control_Control_shipboard_0_0_Jun2021,Control
GordaRidge_BSW020_sterivex_2019_REPa,Gorda Ridge,NA,NA,BSW020,NA,Background,NA,NA,NA,18S,NA,Deep seawater,NA,2010,NA,NA,NA,NA,42.7495125 N 126.710294 W,NA,NA,NA,GordaRidge,Sample,2019,1.8,7.8,100,53,NA,NA,NA,3.91E+04,NA,NA
GordaRidge_BSW056_sterivex_2019_REPb,Gorda Ridge,NA,NA,BSW056,NA,Background,NA,NA,NA,18S,NA,Deep seawater,NA,2010,NA,NA,NA,NA,42.76060928 N 126.7047891 W,NA,NA,NA,GordaRidge,Sample,2019,1.8,7.8,100,53,NA,NA,NA,3.91E+04,NA,NA
GordaRidge_BSW081_sterivex_2019,Gorda Ridge,NA,NA,BSW081,NA,Background,NA,NA,NA,18S,NA,Shallow seawater,NA,150,NA,NA,NA,NA,42.7546 N 126.743 W,NA,NA,NA,GordaRidge,Sample,2019,8.6,NA,100,53,NA,NA,NA,NA,NA,NA
GordaRidge_Plume001_sterivex_2019_REPa,Gorda Ridge,NA,NA,Plume001,NA,Background,NA,NA,NA,18S,NA,Near vent BW,NA,2745,NA,NA,NA,NA,42.75500527 N 126.709891 W,NA,NA,NA,GordaRidge,Sample,2019,1.7,7.8,100,53,NA,NA,NA,51959.11,NA,NA
GordaRidge_Plume001_sterivex_2019_REPb,Gorda Ridge,NA,NA,Plume001,NA,Background,NA,NA,NA,18S,NA,Near vent BW,NA,2745,NA,NA,NA,NA,42.75500527 N 126.709891 W,NA,NA,NA,GordaRidge,Sample,2019,1.7,7.8,100,53,NA,NA,NA,51959.11,NA,NA
GordaRidge_Plume001_T0_2019_REP12,Gorda Ridge,NA,NA,Plume001_T0,NA,Incubation,NA,NA,NA,18S,NA,Near vent BW,NA,2745,NA,NA,NA,NA,42.75500527 N 126.709891 W,NA,NA,NA,GordaRidge,Sample,2019,NA,NA,NA,0,NA,NA,NA,NA,NA,NA
GordaRidge_Plume001_T0_2019_REP34,Gorda Ridge,NA,NA,Plume001_T0,NA,Incubation,NA,NA,NA,18S,NA,Near vent BW,NA,2745,NA,NA,NA,NA,42.75500527 N 126.709891 W,NA,NA,NA,GordaRidge,Sample,2019,NA,NA,NA,0,NA,NA,NA,NA,NA,NA
GordaRidge_Plume001_T24_2019_REP12,Gorda Ridge,NA,NA,Plume001_T24,NA,Incubation,NA,NA,NA,18S,NA,Near vent BW,NA,2745,NA,NA,NA,NA,42.75500527 N 126.709891 W,NA,NA,NA,GordaRidge,Sample,2019,NA,NA,NA,0,NA,NA,NA,NA,NA,NA
GordaRidge_Plume001_T36_2019_REP12,Gorda Ridge,NA,NA,Plume001_T36,NA,Incubation,NA,NA,NA,18S,NA,Near vent BW,NA,2745,NA,NA,NA,NA,42.75500527 N 126.709891 W,NA,NA,NA,GordaRidge,Sample,2019,NA,NA,NA,0,NA,NA,NA,NA,NA,NA
GordaRidge_Vent013_T0_2019_REP13,Gorda Ridge,NA,NA,Vent013_T0,NA,Incubation,NA,NA,NA,18S,NA,Mt Edwards,NA,2707,NA,NA,NA,NA,42.754692 N 126.7090115 W,NA,NA,NA,GordaRidge,Sample,2019,NA,NA,NA,0,NA,NA,NA,NA,NA,NA
GordaRidge_Vent013_T36_2019_REP12,Gorda Ridge,NA,NA,Vent013_T36,NA,Incubation,NA,NA,NA,18S,NA,Mt Edwards,NA,2707,NA,NA,NA,NA,42.754692 N 126.7090115 W,NA,NA,NA,GordaRidge,Sample,2019,NA,NA,NA,0,NA,NA,NA,NA,NA,NA
GordaRidge_Vent013_T36_2019_REP34,Gorda Ridge,NA,NA,Vent013_T36,NA,Incubation,NA,NA,NA,18S,NA,Mt Edwards,NA,2707,NA,NA,NA,NA,42.754692 N 126.7090115 W,NA,NA,NA,GordaRidge,Sample,2019,NA,NA,NA,0,NA,NA,NA,NA,NA,NA
GordaRidge_Vent043_T0_2019_REP13,Gorda Ridge,NA,NA,Vent043_T0,NA,Incubation,NA,NA,NA,18S,NA,Venti Latte,NA,2708,NA,NA,NA,NA,42.7548145 N 126.7088945 W,NA,NA,NA,GordaRidge,Sample,2019,NA,NA,NA,0,NA,NA,NA,NA,NA,NA
GordaRidge_Vent043_T36_2019_REP13,Gorda Ridge,NA,NA,Vent043_T36,NA,Incubation,NA,NA,NA,18S,NA,Venti Latte,NA,2708,NA,NA,NA,NA,42.7548145 N 126.7088945 W,NA,NA,NA,GordaRidge,Sample,2019,NA,NA,NA,0,NA,NA,NA,NA,NA,NA
GordaRidge_Vent090_T24_2019,Gorda Ridge,NA,NA,Vent090_T24,NA,Incubation,NA,NA,NA,18S,NA,Candelabra,NA,2730,NA,NA,NA,NA,42.75506794 N 126.709613 W,NA,NA,NA,GordaRidge,Sample,2019,NA,NA,NA,0,NA,NA,NA,NA,NA,NA
GordaRidge_Vent110_T24_2019,Gorda Ridge,NA,NA,Vent110_T24,NA,Incubation,NA,NA,NA,18S,NA,Sir Ventsalot,NA,2732,NA,NA,NA,NA,42.76131802 N 126.7054541 W,NA,NA,NA,GordaRidge,Sample,2019,NA,NA,NA,0,NA,NA,NA,NA,NA,NA
GordaRidge_Plume036_sterivex_2019_REPb,Gorda Ridge,NA,NA,Plume036,NA,Plume,NA,NA,NA,18S,NA,Candelabra Plume,NA,2725,NA,NA,NA,NA,42.7551105 N 126.709442 W,NA,NA,NA,GordaRidge,Sample,2019,1.7,NA,100,NA,NA,NA,NA,7.69E+04,NA,NA
GordaRidge_Plume096_sterivex_2019,Gorda Ridge,NA,NA,Plume096,NA,Plume,NA,NA,NA,18S,NA,Mt Edwards Plume,NA,2707,NA,NA,NA,NA,42.75465646 N 126.7091669 W,NA,NA,NA,GordaRidge,Sample,2019,1.8,NA,100,NA,NA,NA,NA,NA,NA,NA
GordaRidge_Vent009_SUPRS1_2019,Gorda Ridge,NA,NA,Vent009,NA,Vent,NA,NA,NA,18S,NA,Mt Edwards,NA,2707,NA,NA,NA,NA,42.75464576 N 126.7090451 W,NA,NA,NA,GordaRidge,Sample,2019,40,6,83,43.6,127,1.01,10.1,51439.52,NA,NA
GordaRidge_Vent010_SUPRS2_2019,Gorda Ridge,NA,NA,Vent010,NA,Vent,NA,NA,NA,18S,NA,Mt Edwards,NA,2707,NA,NA,NA,NA,42.754692 N 126.7090115 W,NA,NA,NA,GordaRidge,Sample,2019,40,6,83,43.6,127,1.01,10.1,51439.52,NA,NA
GordaRidge_Vent011_SUPRS3_2019,Gorda Ridge,NA,NA,Vent011,NA,Vent,NA,NA,NA,18S,NA,Mt Edwards,NA,2707,NA,NA,NA,NA,42.754692 N 126.7090115 W,NA,NA,NA,GordaRidge,Sample,2019,40,6,83,43.6,127,1.01,10.1,51439.52,NA,NA
GordaRidge_Vent039_SUPRS1_2019,Gorda Ridge,NA,NA,Vent039,NA,Vent,NA,NA,NA,18S,NA,Venti Latte,NA,2708,NA,NA,NA,NA,42.7548145 N 126.7088945 W,NA,NA,NA,GordaRidge,Sample,2019,11,6.4,97,52.1,bd,NA,0.9,111192.5,NA,NA
GordaRidge_Vent040_SUPRS2_2019,Gorda Ridge,NA,NA,Vent040,NA,Vent,NA,NA,NA,18S,NA,Venti Latte,NA,2708,NA,NA,NA,NA,42.754858 N 126.708922 W,NA,NA,NA,GordaRidge,Sample,2019,11,6.4,97,52.1,bd,NA,0.9,111192.5,NA,NA
GordaRidge_Vent041_SUPRS3_2019,Gorda Ridge,NA,NA,Vent041,NA,Vent,NA,NA,NA,18S,NA,Venti Latte,NA,2708,NA,NA,NA,NA,42.754858 N 126.708922 W,NA,NA,NA,GordaRidge,Sample,2019,11,6.4,97,52.1,bd,NA,0.9,111192.5,NA,NA
GordaRidge_Vent086_SUPRS1_2019,Gorda Ridge,NA,NA,Vent086,NA,Vent,NA,NA,NA,18S,NA,Candelabra,NA,2730,NA,NA,NA,NA,42.75506794 N 126.709613 W,NA,NA,NA,GordaRidge,Sample,2019,79,5.5,88,36.5,21.9,NA,23.7,55076.66,NA,NA
GordaRidge_Vent087_SUPRS2_2019,Gorda Ridge,NA,NA,Vent087,NA,Vent,NA,NA,NA,18S,NA,Candelabra,NA,2730,NA,NA,NA,NA,42.75503414 N 126.7094585 W,NA,NA,NA,GordaRidge,Sample,2019,79,5.5,88,36.5,21.9,NA,23.7,55076.66,NA,NA
GordaRidge_Vent088_SUPRS3_2019,Gorda Ridge,NA,NA,Vent088,NA,Vent,NA,NA,NA,18S,NA,Candelabra,NA,2730,NA,NA,NA,NA,42.75503414 N 126.7094585 W,NA,NA,NA,GordaRidge,Sample,2019,79,5.5,88,36.5,21.9,NA,23.7,55076.66,NA,NA
GordaRidge_Vent105_SUPRS9_2019,Gorda Ridge,NA,NA,Vent105,NA,Vent,NA,NA,NA,18S,NA,Sir Ventsalot,NA,2732,NA,NA,NA,NA,42.761202 N 126.7054775 W,NA,NA,NA,GordaRidge,Sample,2019,72,NA,98,52,NA,NA,NA,52998.29,NA,NA
GordaRidge_Vent106_SUPRS10_2019,Gorda Ridge,NA,NA,Vent106,NA,Vent,NA,NA,NA,18S,NA,Sir Ventsalot,NA,2732,NA,NA,NA,NA,42.76131802 N 126.7054541 W,NA,NA,NA,GordaRidge,Sample,2019,72,NA,98,52,NA,NA,NA,52998.29,NA,NA
GordaRidge_Vent107_SUPRS11_2019,Gorda Ridge,NA,NA,Vent107,NA,Vent,NA,NA,NA,18S,NA,Sir Ventsalot,NA,2732,NA,NA,NA,NA,42.76131802 N 126.7054541 W,NA,NA,NA,GordaRidge,Sample,2019,72,NA,98,52,NA,NA,NA,52998.29,NA,NA
Axial_ExtractControl_CTRL_2019,Control,NA,NA,Control,NA,Control,NA,NA,NA,CTRL,NA,Control,NA,Control,NA,NA,NA,NA,not applicable,NA,NA,NA,Laboratory,Control,2019,NA,NA,NA,0,NA,NA,NA,NA,NA,NA
GordaRidge_Shipblank_CTRL_2019_S31,Gorda Ridge,NA,NA,Control,NA,Control,NA,NA,NA,CTRL,NA,Control,NA,Control,NA,NA,NA,NA,not applicable,NA,NA,NA,Laboratory,Control,2019,NA,NA,NA,0,NA,NA,NA,NA,NA,NA
GordaRidge_Shipblank_CTRL_2019_S32,Gorda Ridge,NA,NA,Control,NA,Control,NA,NA,NA,CTRL,NA,Control,NA,Control,NA,NA,NA,NA,not applicable,NA,NA,NA,Laboratory,Control,2019,NA,NA,NA,0,NA,NA,NA,NA,NA,NA
GordaRidge_Shipblank_CTRL_2019_S33,Gorda Ridge,NA,NA,Control,NA,Control,NA,NA,NA,CTRL,NA,Control,NA,Control,NA,NA,NA,NA,not applicable,NA,NA,NA,Laboratory,Control,2019,NA,NA,NA,0,NA,NA,NA,NA,NA,NA
62_TAACAC_S14,MCR,NA,NA,NA,NA,Background,NA,NA,NA,18S,NA,Quakeplume,NA,4200,NA,NA,NA,NA,"18.54798, -81.71818",NA,NA,NA,Piccard,Sample,2020,4.34,NA,NA,0,NA,NA,NA,NA,62_MCR_Piccard_CTD_Quakeplume_CTD005_5_Jun2021,CTD
73_MCR_Piccard_CTD_BSW_CTD005_0_Jun2021,MCR,NA,NA,NA,NA,Background,NA,NA,NA,18S,NA,BSW,NA,4776,NA,NA,NA,NA,"18.547980, -81.718180",NA,NA,NA,Piccard,Sample,2020,4.46,NA,100,53.7,NA,NA,NA,11860.187,NA,CTD
52_MCR_Piccard_expTf_LotsOShrimp_A_0_Jun2021,MCR,NA,NA,NA,NA,Incubation,NA,NA,NA,18S,NA,LotsOShrimp,NA,NA,NA,NA,NA,NA,NA,NA,NA,NA,Piccard,Sample,2020,NA,NA,NA,0,NA,NA,NA,NA,NA,expTf
53_MCR_Piccard_expTf_LotsOShrimp_B_0_Jun2021,MCR,NA,NA,NA,NA,Incubation,NA,NA,NA,18S,NA,LotsOShrimp,NA,NA,NA,NA,NA,NA,NA,NA,NA,NA,Piccard,Sample,2020,NA,NA,NA,0,NA,NA,NA,NA,NA,expTf
57_MCR_Piccard_expTf_Shrimpocalypse_0_0_Jun2021,MCR,NA,NA,NA,NA,Incubation,NA,NA,NA,18S,NA,Shrimpocalypse,NA,NA,NA,NA,NA,NA,NA,NA,NA,NA,Piccard,Sample,2020,NA,NA,NA,0,NA,NA,NA,NA,NA,expTf
74_MCR_Piccard_CTD_Plume_CTD004_5_Jun2021,MCR,NA,NA,NA,NA,Plume,NA,NA,NA,18S,NA,Plume,NA,4944,NA,NA,NA,NA,"18.546767, -81.718200",NA,NA,NA,Piccard,Sample,2020,4.46,NA,NA,NA,NA,NA,NA,51429.13,NA,CTD
77_MCR_Piccard_HOG_Shrimpocalypse_J21240HOG14_0_Jun2021,MCR,NA,NA,NA,NA,Vent,NA,NA,NA,18S,NA,Shrimpocalypse,NA,4945,NA,NA,NA,NA,"18.546674, -81.717806",NA,NA,NA,Piccard,Sample,2020,85,5.11,81.7,43.9,0,NA,27.53484,238585.68,NA,HOG
78_MCR_Piccard_HOG_LotsOShrimp_J21241HOG14_0_Jun2021,MCR,NA,NA,NA,NA,Vent,NA,NA,NA,18S,NA,LotsOShrimp,NA,4967,NA,NA,NA,NA,"18.546789, -81.718356",NA,NA,NA,Piccard,Sample,2020,36,5.92,94.9,51,22700,NA,11.46432,53878.136,NA,HOG
101_GR_substrate_MC3_Riftia_6_0_Jun2021,Gorda Ridge,NA,NA,NA,NA,Microcolonizer,NA,NA,NA,18S,NA,Riftia,NA,NA,NA,NA,NA,NA,NA,NA,NA,NA,substrate,Sample,2019,NA,NA,NA,0,0,NA,NA,NA,NA,MC3
102_GR_substrate_MC3_Shell_6_5_Jun2021,Gorda Ridge,NA,NA,NA,NA,Microcolonizer,NA,NA,NA,18S,NA,Shell,NA,NA,NA,NA,NA,NA,NA,NA,NA,NA,substrate,Sample,2019,NA,NA,NA,0,0,NA,NA,NA,NA,MC3
81_AAAGTT_S16,NA,NA,NA,NA,NA,Microcolonizer,NA,NA,NA,18S,NA,Quartz2,NA,NA,NA,NA,NA,NA,NA,NA,NA,NA,substrate,Control,2019,NA,NA,NA,0,0,NA,NA,NA,81_CTRL_substrate_blank_Quartz2_na_0_Jun2021,blank
82_CGTGCA_S17,NA,NA,NA,NA,NA,Microcolonizer,NA,NA,NA,18S,NA,Riftia,NA,NA,NA,NA,NA,NA,NA,NA,NA,NA,substrate,Control,2019,NA,NA,NA,0,0,NA,NA,NA,82_CTRL_substrate_blank_Riftia_na_0_Jun2021,blank
83_CCGAAC_S18,NA,NA,NA,NA,NA,Microcolonizer,NA,NA,NA,18S,NA,Shell,NA,NA,NA,NA,NA,NA,NA,NA,NA,NA,substrate,Control,2019,NA,NA,NA,0,0,NA,NA,NA,83_CTRL_substrate_blank_Shell_na_0_Jun2021,blank
84_GR_substrate_MC1_Quartz2_7_0_Jun2021,Gorda Ridge,NA,NA,NA,NA,Microcolonizer,NA,NA,NA,18S,NA,Quartz2,NA,NA,NA,NA,NA,NA,NA,NA,NA,NA,substrate,Sample,2019,NA,NA,NA,0,0,NA,NA,NA,NA,MC1
85_GR_substrate_MC1_Riftia_7_0_Jun2021,Gorda Ridge,NA,NA,NA,NA,Microcolonizer,NA,NA,NA,18S,NA,Riftia,NA,NA,NA,NA,NA,NA,NA,NA,NA,NA,substrate,Sample,2019,NA,NA,NA,0,0,NA,NA,NA,NA,MC1
86_GR_substrate_MC1_Shell_7_5_Jun2021,Gorda Ridge,NA,NA,NA,NA,Microcolonizer,NA,NA,NA,18S,NA,Shell,NA,NA,NA,NA,NA,NA,NA,NA,NA,NA,substrate,Sample,2019,NA,NA,NA,0,0,NA,NA,NA,NA,MC1
87_GR_substrate_MC4_Quartz2_7_0_Jun2021,Gorda Ridge,NA,NA,NA,NA,Microcolonizer,NA,NA,NA,18S,NA,Quartz2,NA,NA,NA,NA,NA,NA,NA,NA,NA,NA,substrate,Sample,2019,NA,NA,NA,0,0,NA,NA,NA,NA,MC4
89_GR_substrate_MC4_Shell_7_5_Jun2021,Gorda Ridge,NA,NA,NA,NA,Microcolonizer,NA,NA,NA,18S,NA,Shell,NA,NA,NA,NA,NA,NA,NA,NA,NA,NA,substrate,Sample,2019,NA,NA,NA,0,0,NA,NA,NA,NA,MC4
90_GR_substrate_MC5_Quartz2_8_0_Jun2021,Gorda Ridge,NA,NA,NA,NA,Microcolonizer,NA,NA,NA,18S,NA,Quartz2,NA,NA,NA,NA,NA,NA,NA,NA,NA,NA,substrate,Sample,2019,NA,NA,NA,0,0,NA,NA,NA,NA,MC5
91_GR_substrate_MC5_Riftia_8_0_Jun2021,Gorda Ridge,NA,NA,NA,NA,Microcolonizer,NA,NA,NA,18S,NA,Riftia,NA,NA,NA,NA,NA,NA,NA,NA,NA,NA,substrate,Sample,2019,NA,NA,NA,0,0,NA,NA,NA,NA,MC5
92_GR_substrate_MC5_Shell_8_5_Jun2021,Gorda Ridge,NA,NA,NA,NA,Microcolonizer,NA,NA,NA,18S,NA,Shell,NA,NA,NA,NA,NA,NA,NA,NA,NA,NA,substrate,Sample,2019,NA,NA,NA,0,0,NA,NA,NA,NA,MC5
93_GR_substrate_MC6_Quartz2_8_0_Jun2021,Gorda Ridge,NA,NA,NA,NA,Microcolonizer,NA,NA,NA,18S,NA,Quartz2,NA,NA,NA,NA,NA,NA,NA,NA,NA,NA,substrate,Sample,2019,NA,NA,NA,0,0,NA,NA,NA,NA,MC6
94_GR_substrate_MC6_Riftia_8_0_Jun2021,Gorda Ridge,NA,NA,NA,NA,Microcolonizer,NA,NA,NA,18S,NA,Riftia,NA,NA,NA,NA,NA,NA,NA,NA,NA,NA,substrate,Sample,2019,NA,NA,NA,0,0,NA,NA,NA,NA,MC6
95_GR_substrate_MC6_Shell_8_5_Jun2021,Gorda Ridge,NA,NA,NA,NA,Microcolonizer,NA,NA,NA,18S,NA,Shell,NA,NA,NA,NA,NA,NA,NA,NA,NA,NA,substrate,Sample,2019,NA,NA,NA,0,0,NA,NA,NA,NA,MC6
96_GGCGAC_S19,NA,NA,NA,NA,NA,Microcolonizer,NA,NA,NA,18S,NA,blank,NA,NA,NA,NA,NA,NA,NA,NA,NA,NA,substrate,Control,2019,NA,NA,NA,0,0,NA,NA,NA,96_CTRL_substrate_blank_blank_na_0_Jun2021,blank
97_GR_substrate_MC2_Quartz2_6_0_Jun2021,Gorda Ridge,NA,NA,NA,NA,Microcolonizer,NA,NA,NA,18S,NA,Quartz2,NA,NA,NA,NA,NA,NA,NA,NA,NA,NA,substrate,Sample,2019,NA,NA,NA,0,0,NA,NA,NA,97_GR_substrate_MC2_Quartz2_6_0_Jun2021,MC2
98_GR_substrate_MC2_Riftia_6_0_Jun2021,Gorda Ridge,NA,NA,NA,NA,Microcolonizer,NA,NA,NA,18S,NA,Riftia,NA,NA,NA,NA,NA,NA,NA,NA,NA,NA,substrate,Sample,2019,NA,NA,NA,0,0,NA,NA,NA,NA,MC2
63_MCR_VonDamm_CTD_BSW_CTD002_0_Jun2021,MCR,NA,NA,NA,NA,Background,NA,NA,NA,18S,NA,BSW,NA,2400,NA,NA,NA,NA,"18.374183, -81.781533",NA,NA,NA,VonDamm,Sample,2020,4.181,NA,100,NA,NA,NA,NA,34705.9161,NA,CTD
54_MCR_VonDamm_expTf_MustardStand_0_0_Jun2021,MCR,NA,NA,NA,NA,Incubation,NA,NA,NA,18S,NA,MustardStand,NA,x,NA,NA,NA,NA,NA,NA,NA,NA,VonDamm,Sample,2020,NA,NA,NA,0,NA,NA,NA,NA,NA,expTf
55_MCR_VonDamm_expTf_ShrimpHole_0_0_Jun2021,MCR,NA,NA,NA,NA,Incubation,NA,NA,NA,18S,NA,ShrimpHole,NA,NA,NA,NA,NA,NA,NA,NA,NA,NA,VonDamm,Sample,2020,NA,NA,NA,0,NA,NA,NA,NA,NA,expTf
58_MCR_VonDamm_expTf_Plume_0_0_Jun2021,MCR,NA,NA,NA,NA,Incubation,NA,NA,NA,18S,NA,Plume,NA,NA,NA,NA,NA,NA,NA,NA,NA,NA,VonDamm,Sample,2020,NA,NA,NA,0,NA,NA,NA,NA,NA,expTf
59_MCR_VonDamm_expTf_X18_0_0_Jun2021,MCR,NA,NA,NA,NA,Incubation,NA,NA,NA,18S,NA,X18,NA,NA,NA,NA,NA,NA,NA,NA,NA,NA,VonDamm,Sample,2020,NA,NA,NA,0,NA,NA,NA,NA,NA,expTf
60_MCR_VonDamm_expTf_BSW_0_0_Jun2021,MCR,NA,NA,NA,NA,Incubation,NA,NA,NA,18S,NA,BSW,NA,NA,NA,NA,NA,NA,NA,NA,NA,NA,VonDamm,Sample,2020,NA,NA,NA,0,NA,NA,NA,NA,NA,expTf
61_MCR_VonDamm_expTf_Rav2_0_0_Jun2021,MCR,NA,NA,NA,NA,Incubation,NA,NA,NA,18S,NA,Rav2,NA,NA,NA,NA,NA,NA,NA,NA,NA,NA,VonDamm,Sample,2020,NA,NA,NA,0,NA,NA,NA,NA,NA,expTf
65_MCR_VonDamm_CTD_Plume_CTD003_0_Jun2021,MCR,NA,NA,NA,NA,Plume,NA,NA,NA,18S,NA,Plume,NA,1979,NA,NA,NA,NA,"18.377600, -81.799317",NA,NA,NA,VonDamm,Sample,2020,4.208,NA,NA,NA,NA,NA,NA,16478.313,NA,CTD
66_MCR_VonDamm_HOG_ArrowLoop_J21243HOG18_5_Jun2021,MCR,NA,NA,NA,NA,Vent,NA,NA,NA,18S,NA,ArrowLoop,NA,2309,NA,NA,NA,NA,"18.376659, -81.797986",NA,NA,NA,VonDamm,Sample,2020,137,5.69,33.8,18.1,11500,1.74,1893.66,10369.792,NA,HOG
67_MCR_VonDamm_HOG_WhiteCastle_J21235HOG12_5_Jun2021,MCR,NA,NA,NA,NA,Vent,NA,NA,NA,18S,NA,WhiteCastle,NA,2307,NA,NA,NA,NA,"18.377005, -81.798088",NA,NA,NA,VonDamm,Sample,2020,108,5.49,16.6,8.9,14500,1.96,2251.92,NA,NA,HOG
69_MCR_VonDamm_HOG_MustardStand_J21243HOG14_5_Jun2021,MCR,NA,NA,NA,NA,Vent,NA,NA,NA,18S,NA,MustardStand,NA,2374,NA,NA,NA,NA,"18.375130, -81.797488",NA,NA,NA,VonDamm,Sample,2020,108,5.63,36.2,19.4,9800,1.79,1819.9608,56677,NA,HOG
70_MCR_VonDamm_HOG_Rav2_J21238HOG14_5_Jun2021,MCR,NA,NA,NA,NA,Vent,NA,NA,NA,18S,NA,Rav2,NA,2389.6,NA,NA,NA,NA,"18.375112, -81.797180",NA,NA,NA,VonDamm,Sample,2020,94,5.81,33.4,18,10200,1.37,1893.66,NA,NA,HOG
71_MCR_VonDamm_HOG_OldManTree_J21238HOG20_5_Jun2021,MCR,NA,NA,NA,NA,Vent,NA,NA,NA,18S,NA,OldManTree,NA,2375.8,NA,NA,NA,NA,"18.375069, -81.797678",NA,NA,NA,VonDamm,Sample,2020,121.6,5.69,25.6,13.7,11600,1.77,1985.784,NA,NA,HOG
72_MCR_VonDamm_HOG_ShrimpHole_J21244HOG18_0_Jun2021,MCR,NA,NA,NA,NA,Vent,NA,NA,NA,18S,NA,ShrimpHole,NA,2376,NA,NA,NA,NA,"18.374893, -81.797441",NA,NA,NA,VonDamm,Sample,2020,21,7.72,96.4,51.8,5.52744,NA,218.0268,NA,NA,HOG
76_MCR_VonDamm_HOG_X18_J21235HOG20_0_Jun2021,MCR,NA,NA,NA,NA,Vent,NA,NA,NA,18S,NA,X18,NA,2377,NA,NA,NA,NA,"18.374810, -81.797411",NA,NA,NA,VonDamm,Sample,2020,48,6.99,52,28,NA,2.11,1310.208,111429.781,NA,HOG
80_MCR_VonDamm_HOG_Rav2_J21244HOG20_0_Jun2021,MCR,NA,NA,NA,NA,Vent,NA,NA,NA,18S,NA,Rav2,NA,2388.9,NA,NA,NA,NA,"18.375254, -81.797176",NA,NA,NA,VonDamm,Sample,2020,98.2,5.81,33.4,18,10200,1.37,1893.66,NA,NA,HOG
Siders_Anoxic12m_JULY_2019,Siders,NA,NA,NA,NA,Unknown,NA,NA,NA,NA,NA,NA,NA,NA,NA,NA,NA,NA,NA,NA,NA,NA,NA,Sample,NA,NA,NA,NA,NA,NA,NA,NA,NA,NA,NA
Siders_Surface_JULY_2019,Siders,NA,NA,NA,NA,Unknown,NA,NA,NA,NA,NA,NA,NA,NA,NA,NA,NA,NA,NA,NA,NA,NA,NA,Sample,NA,NA,NA,NA,NA,NA,NA,NA,NA,NA,NA
Siders_Surface_MARCH_2019,Siders,NA,NA,NA,NA,Unknown,NA,NA,NA,NA,NA,NA,NA,NA,NA,NA,NA,NA,NA,NA,NA,NA,NA,Sample,NA,NA,NA,NA,NA,NA,NA,NA,NA,NA,NA
